Year;Node;Cost;CertainEquivalence;Consumption;Utility;SDF;DeltaConsumption;MU_2;MU_1;MU_0;Cost;CertainEquivalence;Consumption;Utility;SDF;DeltaConsumption;MU_2;MU_1;MU_0;Cost;CertainEquivalence;Consumption;Utility;SDF;DeltaConsumption;MU_2;MU_1;MU_0;Cost;CertainEquivalence;Consumption;Utility;SDF;DeltaConsumption;MU_2;MU_1;MU_0;Cost;CertainEquivalence;Consumption;Utility;SDF;DeltaConsumption;MU_2;MU_1;MU_0;Cost;CertainEquivalence;Consumption;Utility;SDF;DeltaConsumption;MU_2;MU_1;MU_0;Cost;CertainEquivalence;Consumption;Utility;SDF;DeltaConsumption;MU_2;MU_1;MU_0;Cost;CertainEquivalence;Consumption;Utility;SDF;DeltaConsumption;MU_2;MU_1;MU_0
2015;0;0.10822902662188995;0.047706303731405011;0.89177097337811007;184954.5496443625;1.0;-0.41764768372075656;954.54244981107615;1060.8122039787863;2212.5737405677542;0.055917326352309421;0.45250083674275193;0.94408267364769061;26.138012684445375;1.0;-0.26259552318456114;0.3188852186884617;0.35735786155699323;0.75042894385787695;0.031113718984699112;0.9991386143566896;0.96888628101530094;6.0894110621694155;1.0;-0.17402527800221002;0.093299764048435777;0.10727948465931073;0.2239579106619472;0.037205926596090143;1.3721218485738444;0.96279407340390988;4.8923069076400933;1.0;-0.19728323457937069;0.072471165102767202;0.083581605687236826;0.17382536222585235;0.24265581198604899;0.1464245465159531;0.75734418801395098;31313841.468866281;1.0;-0.73703864587183476;63297.831519098436;70216.200186989838;145076.69297374325;0.081221285332251827;0.6532992008724241;0.91877871466774819;38.867453820290514;1.0;-0.34133171390632322;0.34227878984498511;0.38312146424443261;0.79766779921976938;0.01481609265147155;0.79687237233281427;0.98518390734852845;5.1296715920595481;1.0;-0.10347573046960434;0.093070339603662788;0.11186391515713752;0.23105124009667399;0.0061340146523633761;0.82010701423606591;0.99386598534763659;3.5330128987395022;1.0;-0.055863952623158575;0.079425304209583408;0.096269914462307191;0.20058737218629688
2030;1;0.16461338523619048;0.046388480747094805;1.0435924397343388;206983.43406897294;0.86349043531884673;0.63540431331878811;895.08517546953203;1012.3526219785982;2092.3723640701005;0.08848704393979033;0.4337699772715049;1.138178780342225;31.305672785590023;0.80797088554173058;0.14425242701119334;0.3120758455370507;0.3598213071737193;0.74437380630363748;0.062672180592277374;1.0029721437219641;1.1701668092000088;7.4010516733581593;0.7939749149178521;-0.04075247813710714;0.092981904800535406;0.10919358921732099;0.22534908294226469;0.069358756184645945;1.4333910583373857;1.1618775656238358;5.9586354019985546;0.79584296052756109;0.19933247219328099;0.072379935582137248;0.085005813873695893;0.17507865684082646;0.27407284101034873;0.14525936727615357;0.90698212757187013;33661092.101561598;0.85950071036496956;0.11456649908742067;55052.811144027371;63385.729061643513;128668.26613916723;0.11044900693918291;0.64142799039575182;1.1109992273718272;45.863574616974589;0.82368334079229433;-0.054770684811433767;0.32867869153735141;0.37805140079946442;0.77628451811343147;0.032179372569667297;0.78006941990287848;1.2079719757328511;6.2175829001583685;0.77730626997235064;0.061906753464224806;0.09118981835220491;0.11160047681816412;0.22811003156889925;0.0095742654910243533;0.80280453673580854;1.2359035155184459;4.2867576936169138;0.73962329241567404;-0.017231955358676387;0.074418668147778463;0.097032724158689049;0.19518420479757659
2030;2;0.10969031596249097;0.046177481681467347;1.1126564262216019;210893.92389709924;0.7172988702016625;0.5436272896327754;865.91423173058377;935.66966204260245;1977.0237155371144;0.049256128330062932;0.43171998425442165;1.1879035160725653;31.963794507457141;0.68408662492057737;-0.36059067279632373;0.3088100831934622;0.34463357187135213;0.72446763747819531;0.022237786710419774;1.0034482403824205;1.2215227147096519;7.5874340605054886;0.66219303278086195;-0.33101641294501771;0.090300289041369677;0.10816251405572472;0.22138973629673259;0.025604035378716718;1.4409383572438172;1.2173508209772546;6.1065863723246876;0.66555682804893368;-0.12780639474165856;0.070869750360231243;0.083738662536952876;0.17208923054483755;0.23735850229141522;0.14497551798630123;0.95317437705089891;34262710.412906587;0.73329920160009754;1.2294869107318918;55409.305033017998;58878.120488660941;124179.26842447101;0.076413305441414905;0.64004042039149089;1.1541052624636912;46.782561707036891;0.70553497312181901;0.14438112525654301;0.32950266174975357;0.36271676247378398;0.76072178162516624;0.0079517184730241736;0.77708468927558927;1.2392176730214675;6.4332890408520091;0.62881237308997717;-0.021195302117926751;0.091405230481147681;0.11311809463034238;0.23029183508536349;0.0041054001800764107;0.79938980934654869;1.2438603191920368;4.4463925121605756;0.60607821760283664;0.00045730084692330308;0.08055455933138117;0.096493457593705395;0.20183251509581165
2060;3;0.16372340195901613;0.043859604251320385;1.6212978815659407;259586.6934517893;0.52661615791318173;-0.33140210915656443;664.81744195617819;794.06151523803953;1601.0601919900505;0.11751007324164138;0.39832223625790969;1.6994222014783327;45.071710470941532;0.48902372398203253;0.18271720662970115;0.29046901656293506;0.35256967060093819;0.71166040732693847;0.08595708731580444;1.0108688900835732;1.753764331523513;11.042549394685631;0.45989767190194591;-0.16877740210885506;0.089607479907099302;0.11207541677525967;0.22436052048851376;0.094185519443979626;1.5678546883663789;1.7395567348787015;8.9367156039913382;0.464214821786817;-0.054999752843154504;0.070225619294446845;0.087600876694275742;0.17531520009472634;0.11132007830969044;0.14294270490408184;1.7299594825308702;38967398.848549262;0.4474839482854932;0.20082695386256511;31150.556244016894;36841.412047728438;73877.376103936374;0.16149330293709621;0.61822209175777343;1.6203737899813309;63.954502416327408;0.53719858476795723;0.19094613973065222;0.30641233717233413;0.36590750986759507;0.73850973711927892;0.069821850577707636;0.74667445416403955;1.7795298507234572;9.2154480783016233;0.44341629905815266;-0.078394668359527131;0.090264592510691091;0.11452328376850711;0.22965975046481352;0.015219406102046036;0.76937197237935084;1.8754174527026475;6.2983143554103478;0.38918502889333456;-0.033549673461408247;0.066883281204367637;0.09910548233535113;0.18830815429224823
2060;4;0.15712532224243161;0.043614763729747437;1.6407115357026933;265437.05699994642;0.45912492362043344;0.41410939558017557;699.920970990603;777.46183331060399;1621.9773970997833;0.076046146419903232;0.39582682383091977;1.7920137423245883;46.32812312288177;0.39782902523214286;0.16957498907734792;0.29346459414173059;0.32904516590583921;0.6895565121003161;0.059282643662514144;1.0114761476004492;1.8208375960796386;11.388794231362091;0.37801084711293165;-0.10875166424213489;0.092588552674422231;0.10746064123375416;0.22290076211979756;0.062662995073129599;1.5780548859482606;1.815218547466972;9.2067748263810198;0.38278920509363457;-0.028481622897991166;0.072422069556044882;0.083645783837457605;0.17357564124927968;0.11113267031092165;0.14255671772328432;1.7339005044717395;39924430.789215475;0.3878229224970437;0.15584585933297035;33280.472864541625;36379.623935175376;75704.47386567216;0.093367768815051558;0.61653774093600355;1.7617610079717572;65.61657242764602;0.42602264075051488;0.20851937142354338;0.29773478244482804;0.33256267193562722;0.69241750608824626;0.015252427712821658;0.7433463695192315;1.9028355091164781;9.6048888538443116;0.33695063585458795;-0.070517567686478877;0.086594475998164749;0.11204573804256368;0.2232180146783673;0.0052065115431266171;0.76426564344013237;1.9168586097751048;6.6730363992660671;0.29195585302700944;0.014312195434862396;0.074408907292675158;0.09790400587365769;0.19597933324567088
2060;5;0.17741329262830718;0.043640653783944737;1.5998452895115831;264746.90209269;0.47165537445649358;0.67900525760999919;724.39894191336884;795.67032459093912;1668.4925448209351;0.078985401573011829;0.39657482355989737;1.7836985478067493;45.960908794099247;0.40505628440578495;0.30735281509937096;0.29198944953747286;0.32838176908159106;0.68674696882989561;0.050751255502901618;1.0112052082559695;1.8347641416390545;11.24277327456714;0.38632395412669235;-2.8117490445618509;0.088155690766699685;0.10803475817016328;0.21846053806361923;0.06770602741906441;1.5739728398920358;1.8025971057681915;9.1010650387133438;0.39274581892619431;0.46156709843847565;0.070946826792934264;0.084644656250151704;0.17295884929258593;0.12219346163928393;0.14256658100211678;1.7119203734152733;39897985.657556653;0.39295798036500951;-0.079659656429797998;33653.078112902294;36951.230512744078;76728.736163990674;0.10559925554302506;0.61682299393949769;1.7357087530543449;65.330927279946266;0.43570470610367795;0.42718675892368108;0.30043344198928651;0.3374966563219805;0.70057049308993646;0.013834536174971945;0.74391770802174251;1.9018158060878729;9.5413924747917775;0.34459129839903235;0.12465639460992328;0.084129426962993956;0.11323112661146816;0.22171100673454777;0.0053161885665296725;0.76442987535856977;1.9150000052697267;6.6605059475949036;0.30236200514479206;0.010371373396877992;0.074131425395698683;0.0980349909608451;0.19578139422505833
2060;6;0.088895600740419953;0.043497915502026807;1.7765052141157804;268484.26704170235;0.38312993392555494;0.24702545734411885;665.03019428396101;692.31672929710521;1489.613464351075;0.041998857456313689;0.39465447008131843;1.8634805860559369;46.950700663200017;0.34417554607650502;-1.7654123227430762;0.2817279028186474;0.32103091023667168;0.66797434666552269;0.006104011358357404;1.011893332818548;1.9310417713405306;11.646500821147878;0.30701233881355472;0.06489827840492346;0.084385364132932419;0.10856208915897077;0.21508923255945192;0.0054881373848706914;1.5844473185447907;1.9326361536483774;9.390924014125746;0.31504383135597691;0.036444279753000686;0.065652240417362243;0.085280438898971286;0.167875349281146;0.12245709553031055;0.14240078846172854;1.7134212592485136;40316730.710161544;0.36952739229417209;0.26412738490104726;35035.757272012808;36320.051061464241;77548.485327231218;0.067636397791732819;0.61565159305933437;1.8157310696435771;66.492773975500583;0.37671739845719354;0.17322896867881798;0.29556021130779397;0.32287527085259582;0.67952972822074842;0.0039538714755466111;0.74014669923295928;1.9324370667136903;9.9747817096059013;0.27385357967107538;0.006281500312277366;0.090275839910733999;0.11309288721211876;0.22883093504546642;0.0022554514395585444;0.76091914427932661;1.9336458024019629;6.92982527913738;0.25002068953641077;0.010296659157771337;0.080365111307791809;0.097299851798086479;0.20240607791467613
2100;7;0.0460250951305426;0.040936533421275456;3.3241792765256988;343491.24643809063;0.23251993261900736;-0.038778098425185092;372.14000672307526;472.3923941938815;926.13050808051003;0.064287781493094942;0.35662891952103321;3.1696030355286027;72.502471699220024;0.22435318159642131;0.051273439993293479;0.23466737870651322;0.3002703054761886;0.59285143327328349;0.079258353303482951;1.0214621644063717;3.0605460253195336;18.808707526517075;0.21876826660251497;0.41274925593546286;0.085143181059087442;0.11135677722919506;0.21908618283066811;0.074733131037596073;1.7669417158346401;3.0897548612054648;15.360463496615388;0.22016889844907397;0.0236221617977872;0.066609960344243352;0.087001298689031212;0.17088911383402589;0.043484904737013642;0.14010245280395489;3.3630124674437805;46754039.162833713;0.23067569550928846;-0.00092479573945425386;17536.123509316556;22277.6018381795;43216.594808228132;0.052314214939991777;0.58942191626347129;3.2661412500639186;98.743838265974262;0.24254086639168732;0.20734213951842939;0.2208487447006926;0.27916346440933931;0.54917506709378017;0.096592799953602523;0.7036179933801765;2.9603964910090399;15.709867651514472;0.20800586812718772;0.10897008894912297;0.08999456877386168;0.11979819240755599;0.2359801141706965;0.029838749438807922;0.72836636569674229;3.1341884540361775;10.322951160500526;0.17527367444532918;-0.13765377320296146;0.060537998986818588;0.10216444454301116;0.18428198833565718
2100;8;0.046026412428390825;0.040603982723697543;3.3578368244889281;354811.22992826137;0.19254099808602723;-0.022154208757685367;407.88690498239822;459.90919109426858;952.36923394770861;0.064245357001907519;0.3534598442210154;3.2406237516808711;75.283469327104527;0.18046294764077628;-0.0059841617253919566;0.25429162778302444;0.29043501902878655;0.60429077921155283;0.078009716939786478;1.0223346102673403;3.1555287956735651;19.636666628861065;0.17035690763503122;0.31836046186648481;0.091753348309268082;0.1069587436259352;0.22179103613278678;0.073883518291355685;1.7832621048914163;3.1787963090111786;16.00519039117426;0.1730995443023971;-0.060322010179847396;0.071635690475046615;0.083345419560251433;0.1725884734037508;0.043493906050900505;0.1396513697766974;3.3811623098715722;48127358.625218533;0.19402573395442355;-0.022143550670161716;19482.117117583759;21358.728774659776;44363.229516553205;0.052301406735235687;0.58724879588180134;3.3159528618055458;102.04795848917917;0.20013739483248424;0.15258765151444642;0.23921387514123046;0.27033308997985001;0.56013101890700467;0.051291087425816832;0.6999803587106147;3.2176473311007951;16.486908470340737;0.15016357100580463;-1.2362758977666921;0.088588543896639588;0.11335366430470512;0.22696674467205838;0.0061097300232980621;0.72102148394873555;3.3368507989953784;11.290780170064322;0.11092340924487078;-0.066393262543540388;0.068099690167170213;0.099065605744393298;0.18988568240130935
2100;9;0.046905707786701785;0.040637737153282248;3.3533354782600266;353640.16471856885;0.19687318123735442;-0.28389402676025632;413.45289122949669;452.25378599287171;950.03339349942473;0.074868106240807281;0.35425430828059129;3.1880735727771579;74.553179565889494;0.18664425793327891;0.06531286509767753;0.25440190217811565;0.29486866363047082;0.609235571402438;0.084469810675749629;1.0221383761499057;3.1251103343780477;19.445428870906806;0.17678264165425578;0.29155046635200854;0.090938689888346413;0.10782346880226928;0.22176928341220048;0.083454078373887283;1.7791827785650696;3.1357036950946506;15.838535974184875;0.17920138967859561;0.14420423686432038;0.071264447429844197;0.084133555414744404;0.1730166952251504;0.04353741664105127;0.13961707850379693;3.3810117972416931;48233509.008046076;0.19208467331434634;0.0099183014969916883;19272.54230428287;21670.061915881943;44474.162753548837;0.065038201264361425;0.58794870116164377;3.2504021414015316;100.94283414816191;0.20580805563361068;0.12583045084877398;0.23889532395712099;0.27591797992747402;0.56580932016001362;0.037866106172875398;0.70195319545480162;3.2489409459098986;16.099438871050584;0.15500476796566967;0.62769029144460475;0.081880612813620482;0.11294194744603583;0.21868334787064356;0.0067111815409375344;0.72135660915257749;3.3272829172017913;11.244485935108761;0.12006421905817027;-0.069128434587728549;0.067720071772491702;0.099234040361405873;0.18962484240561892
2100;10;0.046914273183586895;0.040440978668629092;3.3680877688118924;360523.96076652134;0.17638919397414779;-0.19959143550938307;425.69375323553038;455.87672748900758;967.88010338502716;0.068296511960767053;0.35241912773577122;3.2553806139212429;76.219886511514147;0.16256943057259912;-0.45785146513495079;0.26316387896943133;0.28670241019917486;0.61015188359405004;0.041150673690862428;1.0226930780945271;3.3315824830500529;20.016883536325174;0.14336780256041692;0.40432027004730919;0.088514098641918129;0.1036705979391179;0.21428574284251778;0.040369086467239614;1.7893299250988879;3.3387776860271305;16.27176898663069;0.14799753579469932;-0.16152232302300007;0.069262980413740474;0.081963878321050621;0.16826386290735984;0.043534343064691991;0.13937772137810706;3.3871663883006868;48982062.965479471;0.17541062567705937;0.002548086130982341;20146.839734405094;21403.957821743021;45150.391922916235;0.063747491607404991;0.58660398497162891;3.2879055326486366;103.02746365534858;0.18217609559800443;0.024573773896907625;0.24915118188762209;0.27053624418634675;0.57147624764830474;0.0045921004763069323;0.69764589683519418;3.4359334534643819;17.016864779145372;0.11291750816443984;0.078976998338475823;0.083163794680392603;0.11122453212508843;0.21855240145937613;0.0028785968306656727;0.71613884607168488;3.4229619957277557;11.978753121546694;0.088722840496435931;0.072512685195480486;0.075213202753235758;0.097947132889442637;0.19712390844113389
2100;11;0.048989762077544928;0.040634053147934182;3.3366009384397093;353751.31987262407;0.19613067578932503;-0.39245835990064926;407.63936713193573;463.79348350869935;956.36879464135438;0.08182093737311176;0.35494342955746683;3.1420502506804255;73.926002845318578;0.1926026465170933;0.47883171354312637;0.25468739490718817;0.29875491206941762;0.6138358434682496;0.093723746983059658;1.0216483582824223;3.0696302959176576;18.980074890823651;0.18987721528504495;0.11452424852560483;0.088166955283624157;0.10960535703302861;0.22040163059422699;0.095372194221538129;1.7732565628283778;3.0716679383079581;15.59845105261323;0.1886085867939041;0.6629624041508908;0.07077810041822262;0.085311380978316087;0.17374026010953952;0.043676183108906981;0.13962804756684993;3.3785394274386502;48199413.388752244;0.19244878398774062;-0.18310675230117646;19227.137776551095;21717.048355286137;44475.367645553517;0.067032873321346942;0.58813596852824124;3.2284508949572199;100.64676106523159;0.20912905633556556;-0.1511633389693845;0.23941703777455414;0.27754373004867955;0.56822791217190327;0.02367721613322215;0.70302180841695028;3.280270632677365;15.896837587927093;0.15941195547979362;-0.3852115862897687;0.078454934409778534;0.11167121743581192;0.21334066609150779;0.0076334675922616751;0.72156267887428061;3.3164064630372976;11.215174534143625;0.12492961565036552;0.093520488821896564;0.0676516534050568;0.099419823539211027;0.18976481296535413
2100;12;0.048997827067873145;0.04045963310088576;3.3560802348083514;359853.90376541915;0.17742943632394884;-0.34962610957092188;428.18497598745785;455.25997983197038;969.95257321616407;0.081955985628687;0.35307404409138882;3.1945415774787422;75.597379041209848;0.16822378536965207;1.8282593250166457;0.26283701361883077;0.29419614584153198;0.61823852770616516;0.034917851928932452;1.0224197174387297;3.3376526031010179;19.756716166562082;0.14309574668549224;-1.1258231357100801;0.084091147119938772;0.10539560586131713;0.21117763448313537;0.045370234030808455;1.7857487489958865;3.3065056271673279;16.124685282327874;0.14956046609860182;0.61591666505678155;0.068651464449728195;0.082669977943789746;0.16834677695610614;0.04368780534960881;0.13937684331088357;3.3857922908526565;48984769.566107027;0.17490665822008505;-0.15465086152759433;20071.910240480465;21500.240002672374;45173.525650720279;0.066642142357224224;0.5867311333472125;3.269052266452138;102.81956989755004;0.1839039299267359;-0.0077983448975693648;0.25036847002133106;0.27143137383063037;0.57385008779024071;0.0048735012901439008;0.69794320473354854;3.4231411952983382;16.951814894992943;0.1133317220717123;0.12665528119324421;0.08278510137032899;0.11158287026673028;0.2185281270294856;0.0028585047294449138;0.71625944030319766;3.4175373692530853;11.960566365547633;0.091688308101095836;0.028118260284148988;0.075101001920766089;0.098070778764207112;0.197138502228033
2100;13;0.064891140204836412;0.040514597017348539;3.286915688732861;357855.16757986217;0.18032185697212239;-0.25164883021693285;430.19275769580469;470.35619701882433;988.62492653196193;0.07143806867243617;0.35383782151000459;3.2231504366086741;74.939568241148251;0.16849602304308797;-1.1528918971823732;0.25370961458612523;0.29208274403112738;0.60490881571827892;0.0080177891579148401;1.0220548335428095;3.4209608663654509;19.430011234984299;0.14583612042813687;-0.13682427335619529;0.075974981993998075;0.10613518369423848;0.20279216521068813;0.0091599040400816741;1.775621101595998;3.4187260803461221;15.747633967580642;0.15270150373339203;0.12556930249534304;0.060251559518425965;0.084679224839235456;0.16103221626936898;0.043631836295728033;0.13938721592096126;3.3859858886299992;48952083.272156544;0.17576705510927965;-0.24837872128116167;20159.324915524579;21379.444870253948;45137.166809627401;0.077804542257297021;0.58711365509006097;3.2212247274185954;102.20167488913407;0.1881184553773658;0.78627110555848923;0.25189108617250167;0.27501900377807093;0.57943118310526465;0.0053551704554029951;0.69818992185968465;3.4156158012967359;16.898709942240657;0.11957199961354283;-0.0061343763319676725;0.082245539693876588;0.11193231428750067;0.21830077971865708;0.0027603828887185003;0.71637941092075252;3.4148036840778064;11.943027009179751;0.097281196086409477;0.026644979908807542;0.074873709086144352;0.098177852576723429;0.19699239156967405
2100;14;0.064829526706553522;0.040442081074345972;3.304292355448613;360422.53525059141;0.17221693608859334;0.13222989851247036;437.83765960452911;464.61734383315479;990.94599080349633;0.022846226915261482;0.3517735203122716;3.4277972619635775;76.905307475883134;0.137269555051309;0.59191030419203372;0.24425653068793357;0.27785260682431057;0.57885150490213533;0.0023296848837364745;1.0231179429607511;3.4859016013515132;20.463004593989602;0.11146633181830293;0.1615538027152752;0.082111618023229999;0.10569579605227329;0.20945924666762306;0.0022396312690947315;1.7965497014490617;3.4873313797811454;16.585254838555866;0.11589611543621441;-0.0029924361565569768;0.064564292687474142;0.083811821148632254;0.16509013502187819;0.04364538550232186;0.13929066106039018;3.3891063788123494;49257511.499313228;0.16940040529731692;-0.32221250037607341;20759.767703779315;21019.668334483547;45403.697270220633;0.042632856512628214;0.58608402345036448;3.3708890551331319;103.88509220606488;0.16391145809244614;0.21671193680607992;0.24453229875264368;0.26580100585392957;0.56100988062172807;0.0017090448300244321;0.69425188937019444;3.4785881971704478;17.755609394945751;0.093719812897760976;0.061059982964328796;0.088973178925689872;0.11170876293610768;0.22600010916043123;0.00095387477265302225;0.7127162694763749;3.4748854413511321;12.486743240839491;0.078978842409517303;0.023456601551652412;0.080217361175844298;0.097795412491518949;0.20300939559788039
2200;15;0.0095974922518737484;0.035363189382483409;14.688885935611694;621291.73020487116;0.040149367940823077;-0.14415608995985707;115.64915323509858;160.64389062592718;303.2260709461213;0.0095961257949294058;0.27859718450472259;14.094164540157397;210.00964540113293;0.031023542906183924;-0.43928893345253073;0.13151081822087585;0.18304778229648624;0.34924764513537476;0.0095984750893619662;1.0477012206825149;13.693859583384617;69.073217437671545;0.026846835781142671;1.6286113702188132;0.067604418884790018;0.093972869749796545;0.18051805796625972;0.0096024987268907968;2.363486958798156;13.808709412142326;57.588296953855377;0.028425093134102648;0.071556385425353142;0.056080752233104159;0.077718260898241021;0.14903606746623158;0.0096002138241751099;0.13373531472515376;14.894510252585969;71281612.923400283;0.048874307240634962;0.18420050648551012;5110.8126510655156;7059.3173375285551;13214.515536779227;0.0095946285753144359;0.53128153513521403;14.445654232525271;253.89324702603795;0.040369204306419881;0.27202889127551089;0.11490817853327823;0.15851712961686901;0.30059118993969036;0.0096057125151753249;0.60505778302187574;13.220019432901644;61.472782008544151;0.021177495352918942;0.95315376641522676;0.075208298352613251;0.1051972095525259;0.20376466903391738;0.043975012967356356;0.63511459092224598;11.129714160843831;35.490734495133722;0.019648382875444938;2.116794999247773;0.047050847711504584;0.10990431073720648;0.17777645196895345
2200;16;0.0095950342197670246;0.034963215284039756;15.179704756157816;650154.29134396417;0.030418036816092238;-0.07706227398536214;129.52588635254898;151.16072684331664;308.01688992794425;0.009594823079506749;0.27508968884226487;14.828846053673347;221.64824951497894;0.022842805890138485;-0.30080144013542309;0.14467561177150567;0.17121421338704365;0.35059752872848071;0.0095967602405534445;1.0489427961952087;14.568641841312308;73.377927377482251;0.019376650370706114;1.0811543560720338;0.073541101537484804;0.087822470218224424;0.18025848215381923;0.0096023300745445954;2.3940002827776468;14.644970425153458;61.028658142317113;0.020836382089727431;0.053206354780854781;0.060971522338425156;0.072713930457315862;0.1489463408086816;0.0096025232130686981;0.13311223597222113;15.288409458871774;74338112.693095267;0.037426564943028894;0.10653827719337983;5734.610922206155;6649.7314837889016;13449.793548433301;0.0095975049223304392;0.52846786443567306;15.04200553892238;266.28817097678939;0.030601453649850539;0.13098873372108244;0.12673294902282647;0.14888936002679604;0.30300965403604818;0.0096059655945613005;0.60042410026460302;14.2402871923251;65.891521393903318;0.01470822547238353;0.69052592162979209;0.081494293564789516;0.098025943018598363;0.20265210528057395;0.040004038945355883;0.62349520244237977;12.588512439748474;41.806323286331015;0.010220990749261586;0.49083672300671566;0.062726478958525275;0.10078380478465711;0.18598179691802585
2200;17;0.0095952057860440795;0.03496317939297014;15.179719092401642;650156.94620017847;0.030635272197008189;-0.068480598189069042;129.51708015913059;151.17062901970758;308.01809850467163;0.0095997499017223698;0.27508780990459619;14.828443400330514;221.65441113477146;0.022898324527813357;-0.17588232524694547;0.14463692944004525;0.17127375418451238;0.3506213149617704;0.009802946866808767;1.048915728356238;14.555134550941402;73.282439609131117;0.019282456005792783;1.2181805563328041;0.073384082195094319;0.087926203783436283;0.18019229636674755;0.0097559454097451322;2.3935283918538337;14.636582400627367;60.974983474336533;0.020736657828796544;0.15985820710060494;0.060862377620902151;0.07279513669883185;0.14891073665144466;0.0096015447001010588;0.13311403836511898;15.28829606172083;74329077.726427421;0.037564465628663293;0.079632842804855386;5733.0147562369057;6649.7628458705722;13448.088088492206;0.0095968305956555186;0.52846001271714116;15.041794642559324;266.32310757226981;0.030793293896808988;0.10632964119174915;0.1268648017261137;0.1488019177142485;0.30305854705209617;0.018616768666428252;0.60454113947378729;13.451573731445292;61.973472945439021;0.016177157466700575;3.9592777858292294;0.075920229273116785;0.10298105094565342;0.20168072710935095;0.0094182293609989115;0.62687210951536299;12.851924611648755;39.976924537636947;0.01073350008704845;0.029697127831873615;0.05201449981247501;0.1004685473920944;0.17293607819691689
2200;18;0.0095955295885363449;0.034763057445703925;15.424486656480738;665224.51361200097;0.02665875615724728;-0.017943178769819212;134.62913586849098;148.41935794883503;310.69198679756403;0.0096000051482845027;0.27321872867586777;15.243815401181363;228.18359754319837;0.019409525980103284;-0.086117140971175843;0.14981395651679094;0.16663370967879651;0.35122976309817261;0.0098089188800954703;1.0496240072273999;15.081484511162451;75.852173617783762;0.016002911876131589;0.73489243105839819;0.075997883796166343;0.085147186339415218;0.18000537711597814;0.0097521054946134358;2.4110060237237168;15.131442579072104;63.014819618348902;0.017390101906955852;0.11214793659721778;0.063075823248390506;0.070532810194916973;0.1488707805322787;0.0096031222136861161;0.13287652415070444;15.472236945574492;75532559.552861214;0.033834161841886742;0.04601343051664486;6113.9480086870999;6321.4798987726963;13509.519939628583;0.0095960969407200992;0.52699264403454815;15.357723361829526;273.05210542386925;0.026657203756794076;0.0073297665711180571;0.1315790765215398;0.14531213215316655;0.30446479756026978;0.018742460940545179;0.60035695912959997;14.275980400351774;65.962196015631321;0.011873514804281572;4.0393237309343633;0.080786742085412894;0.098589966236109494;0.20233006729939645;0.0057350672418915987;0.61815428270276862;13.947206350740384;45.235245639937979;0.0067667747304335796;2.4561111138483582;0.063022665847729295;0.096187590429560293;0.18115512424875119
2200;19;0.0095981438333759619;0.03496924897789961;15.165039682723625;649704.39839168021;0.030863408893602236;-0.89445802854566381;129.39990720062775;151.3790879808017;308.12253708493239;0.0096028843607648181;0.27546513112840193;14.685347866762298;220.34302308481031;0.023647018386495331;-0.60498864432094734;0.14421006236998116;0.17309243428041865;0.35225397868400649;0.01023523633359643;1.0487451789276105;14.37945498770468;72.667202670807796;0.020213206371754958;1.3075018852568121;0.073008154040280535;0.088861777829949182;0.18084934000360006;0.0098704479563274383;2.3901617594438127;14.492072460446352;60.580485809082468;0.021548859162618558;-0.85952761354413099;0.06062349718580206;0.073373499972970616;0.14930922441052757;0.0095934487092429414;0.13311123736198149;15.288741384536687;74343122.633436084;0.037633591205500479;0.063010179555256229;5736.5017920790078;6648.4661374582865;13450.476232403278;0.0096208598438345845;0.52893188457936435;14.84730144381856;264.16985423883733;0.031737876218280066;0.21890842338940786;0.12609202688633012;0.15101045927463352;0.30471185743781132;0.033018164315266149;0.60924989721399936;12.828545461927041;57.850199134102581;0.018370517868881577;-1.0834655875520127;0.068496885634108287;0.1066846640500137;0.19693603019590691;0.012812369878798583;0.62727283426179148;12.742509424932674;39.741477726534434;0.011725675746892993;2.7598298722203651;0.052106928115451985;0.10079977925199013;0.17344467883433914
2200;20;0.0095999986322419465;0.034823544915444982;15.417628839092574;660645.59388854925;0.027667415908175494;-0.37436948372970846;128.48261782142882;152.26338070182967;308.19234055178015;0.0096058648170096114;0.27341145682217005;15.16136985851114;227.48576475507826;0.019652574207582721;-0.39814417445640515;0.14960280862879397;0.16771990057302566;0.35225469744594823;0.010242202216565759;1.049524696476013;14.968088600207267;75.479668971948342;0.016422625648114451;0.83320095601067123;0.075758096892601975;0.085780179349792804;0.18046909272563022;0.0098656495270109928;2.4090866983228603;15.042060531730572;62.78312424042484;0.017756568389136088;-0.59243171497964653;0.062905147265942332;0.070923885279018453;0.14913082871555439;0.0095870847426299723;0.13280649897061034;15.472621383108722;75890761.058689132;0.033050173672415965;0.00075460904866986311;5956.0645762554977;6544.4719608545602;13580.349093446775;0.0096246233197956887;0.52723504992119152;15.254131403225367;271.91207033365339;0.026706281601928322;0.11976487090397114;0.1309403874939962;0.14671074906920034;0.30534028188872869;0.031663358202968367;0.60342870165719764;13.781112857231612;63.030367419218329;0.012347481949781931;-0.23284468939248626;0.075883780029872033;0.1017708961835025;0.20005310671753024;0.0049520337186379952;0.61842497870614954;13.913596001450824;45.061198937324392;0.0072894956780802066;-0.87905742253777674;0.06240493212017937;0.096562963601804427;0.18086505029437872
2200;21;0.0095976601456684556;0.034768510608320473;15.417723646395999;664808.17571035807;0.026968269479990457;-0.51987946168878807;134.28842456583098;148.69172275582645;310.61917643614009;0.010680498114474553;0.27371517253837657;15.077245754962297;226.40719039558275;0.019879095148827328;1.5488300027794111;0.14861612950479611;0.16903932127767571;0.35260777004528643;0.020520416644747561;1.0487278321718416;14.302868201467136;72.594245847718668;0.017447882645959711;-0.58134487904588639;0.07274492541735364;0.089883683067200612;0.18161974026984459;0.019998739674018141;2.3885020283670961;14.355999275790742;60.376963150920886;0.018846613623486507;0.84408468636443246;0.060297405184064491;0.074366369756154793;0.15001658461775702;0.009596411221532682;0.13280400788800917;15.472458360212832;75903536.0742881;0.033080885467994196;0.01357421700038941;5962.3249522309234;6540.6840220830054;13583.048174936101;0.0098325725368997464;0.52728321260492383;15.241848132550153;271.68869798579755;0.026853372211554954;0.17688902050156941;0.13075227912421281;0.14690102487396106;0.30533476598961123;0.011202364332186918;0.60682995008170937;13.92265188971469;60.080254980112066;0.012839820287834161;1.3543837066135822;0.064442822750910386;0.1024607830458094;0.1875354432073722;0.0025426533105609105;0.6188082186419589;13.905154678711195;44.823087439013634;0.0077278504343914695;-2.476217311021145;0.061303098270268495;0.096889422258047572;0.17992473186009941
2200;22;0.009592644688497123;0.034652752758541232;15.522966832848175;673704.22798746917;0.024980110821632307;-0.17862590539436951;139.11579679447175;146.10172647426697;313.14921301353036;0.010695648602627726;0.27254021881059282;15.366824558702998;230.60139725600087;0.017844394598655597;0.96137089723260516;0.1554825426076766;0.1618912766349789;0.35231680544485633;0.021353883601041755;1.0494510952289906;14.8343681660778;75.195660816312909;0.014399892522720953;1.1860399962593249;0.077469515524516988;0.084893983732440947;0.18139219864967165;0.019449255787491924;2.4081860193515969;14.892312410278569;62.658470890866084;0.015499484783398965;-0.3271485073849334;0.063116622950361426;0.07154746728981809;0.15006496729918886;0.0095935588484254222;0.13264588227193341;15.540473417259165;76720437.093136191;0.030994108582376813;-0.012006632324990107;6195.5097033669699;6392.514479974292;13678.745924054061;0.0098349394821331884;0.5262920303599774;15.451364354280505;276.31312610825415;0.024376860986296801;0.1226111958361642;0.13522467967403706;0.14338661584864618;0.30643095506296192;0.0024096479927863137;0.60107875013230772;14.790727329796058;65.384651987384487;0.0090022729879604951;-1.3982774266892761;0.071151541683981426;0.099960429043991994;0.19262998727942546;0.001862115968858672;0.61275276583622384;14.712802756156178;48.88332778518101;0.005590656623938429;0.11087783814502927;0.068829561130943184;0.094404970290977969;0.18607593306266243
2200;23;0.0095899367463722351;0.034990650910263627;15.114169781127329;648112.04185794748;0.031257328842924273;-1.9003202423290233;128.98173475017924;152.0999378938464;308.47174357199521;0.009613494452889091;0.27579083668080412;14.54236322895545;219.21134742419605;0.024390373903819793;1.1511150501794631;0.14426663552662669;0.17476323458697465;0.35427545610099032;0.01142253390006048;1.0482438019232523;13.837391606149282;70.88084755949086;0.022624568585735919;36.075690330383203;0.072209977749112322;0.091706461086856664;0.18326533028816155;0.0097181409059197126;2.3855179506368267;14.261900520411931;60.034695718689477;0.022811837827238484;-1.9540881942324617;0.060452456731814666;0.074230677706265916;0.15012075261498772;0.0095932976137921497;0.13312704328057967;15.271359890365082;74263706.645982906;0.037801551131358642;-0.79573831466337452;5732.9018142687801;6652.9476587379904;13451.503318469882;0.0095979849828087341;0.52904104275156238;14.794912840372975;263.67212232893462;0.032187758217234512;-0.79033146666649401;0.12600851152249856;0.1515784706737896;0.30527060798681077;0.050022599342197466;0.61237167048740071;12.437410720526362;55.28574049732871;0.020021678342026627;3.077162433272207;0.063799355166020033;0.10877763667222594;0.19381486528335509;0.015332115283562032;0.62740114821024862;12.683839320211291;39.662267227113659;0.012233068148411349;0.70011150025841573;0.052229623281590233;0.10110607385164204;0.17395028887596201
2200;24;0.0095928254500684106;0.034776322971150825;15.393516321848281;664207.77221976512;0.026881815030023688;-0.93578306214467943;134.27509628585648;148.93580031445006;310.87857409012679;0.0096076096084148528;0.27359877373693975;15.07495270552312;226.80764063666732;0.01993378658216852;0.6869404089627551;0.14950150344171814;0.16883468462162907;0.35344424645932809;0.011454647068606645;1.0492216138932295;14.589910508045904;74.347106568818575;0.017323473882441761;25.899130857702346;0.075310383543717718;0.087800245296449239;0.18233139895719666;0.0097211329388010928;2.4063744859411536;14.893973088203689;62.45348260550977;0.018328126091242819;-1.3962365155069989;0.062780995524259114;0.071501396075186824;0.14966947833363203;0.0095913680437054068;0.13281064363661846;15.465223049531366;75869407.117567703;0.033024829034806989;-0.33922979828115984;5955.7146437408355;6547.5565672311595;13583.319800576894;0.0095958431394190958;0.5273124032720663;15.224960092699696;271.55052869630924;0.026938861604764778;-0.48325580566466186;0.1307366311318886;0.14708121365404436;0.30553836738233475;0.017419440790731017;0.60595679854814288;13.862409418868575;60.818140756396438;0.012521012077004689;-4.7883984368256804;0.067408585627219408;0.10247912039306883;0.19101446887088183;0.0059291692393410094;0.6185018137319418;13.882071216214243;45.007952021681497;0.0075636252514300383;0.7172797907385231;0.062517593040469138;0.096634072309415772;0.18108341944834774
2200;25;0.0095959205284949899;0.034775656169229834;15.393530766778765;664258.35422066238;0.026964876842510355;-0.8389576832268375;134.31598810128432;148.92156615223232;310.90780294880062;0.009561407484161082;0.27408116302303759;15.076622307183019;225.15099328978641;0.02035720397728388;-4.3558242891979404;0.15485657672177147;0.16058407972100239;0.35021190349865761;0.029994137608141236;1.0480229156363239;13.935906603510089;70.16789302790059;0.018451194716809418;16.311453140235699;0.070799566480270387;0.090732566348083354;0.18020023452551384;0.02048010658044562;2.3836598374712574;14.226894775076985;59.825842521981727;0.019187074233322773;-1.998078329380526;0.059577001994768834;0.075097631664238135;0.15000067724722199;0.0095948363930942922;0.13281319763079777;15.465265621447895;75856314.356286943;0.033119026884163134;-0.34368738392505094;5950.5387592568122;6550.3243940733264;13580.67376584735;0.0096649976028944529;0.52730903878579716;15.222474172080483;271.56509590387276;0.026952610475717929;-1.0280519254553866;0.13075402833370312;0.14713424138516665;0.30561202313712216;0.0080097578269352869;0.60715783949018487;13.905803969278679;59.798358372875036;0.012893026598314336;-1.5938232131050611;0.063607800956035257;0.10264363676706885;0.18680917365855176;0.0039050929977190165;0.61892646034564636;13.86100239697944;44.742429523472843;0.0080097190905074264;-0.13974238269955919;0.061369016473245545;0.097056271333660127;0.18020066866681694
2200;26;0.0095975342181794411;0.034673508461275988;15.51440153681116;672101.4838975647;0.025126775240505574;-0.32579179474065967;140.43595179156029;144.13041829213725;312.43374096148221;0.0095598158883623552;0.272418459353647;15.375602853023631;231.03388056807822;0.017773196423454971;-2.8473742211959419;0.15506241055170306;0.16279127285694697;0.35288384551358487;0.027297043431028394;1.0491555211498758;14.598089279655046;74.118640858032961;0.014096651001138553;12.013261917947737;0.074186799466669326;0.088545419946768303;0.18168222207997545;0.020578559345930229;2.4054781474276394;14.79726655156194;62.337634747680589;0.015476820570182152;-1.5807870801843649;0.062736530832590245;0.072065717505112592;0.15021336575567718;0.0095875478435394901;0.1326334529687927;15.538405401217611;76784960.006370366;0.030765210218956604;-0.10006481341644502;6158.2475180248348;6443.4087199048599;13693.553449727846;0.0096658759899982561;0.52635069642307453;15.444283178184367;276.03865034573153;0.024484368562615412;-0.6683910671863913;0.13564749431663803;0.14279069091514379;0.30624869954840411;0.0033302022655727391;0.60125768086711651;14.738787241934338;65.207353148353477;0.0089934575900571176;0.99185770094436521;0.070937455530253962;0.10032080005763822;0.1928018331221607;0.0016494849468674392;0.61282477276293146;14.700386660306576;48.832241298802721;0.0057638960102127813;-0.17484525590223399;0.068590454767551864;0.094609476967808082;0.18603430580811894
2200;27;0.0096044578501903559;0.034820483022913601;15.263821376599322;660828.60585754935;0.027344803150088443;-0.66380977766833382;133.34256743777277;151.00753732468465;312.18720143553031;0.013792856478539032;0.27505226842289804;14.534512883853051;221.66929752626783;0.021845864626677418;22.678463553013906;0.14737586013351281;0.17617793879367533;0.35942558807087732;0.011484004211569464;1.0465719497457737;13.903145798798965;65.541242365752481;0.020230356210561056;-2.617791619689136;0.057147529511820574;0.094679779650023346;0.16893302207959757;0.012522052307041606;2.3337322355008436;13.903634920381005;54.508006712311342;0.021895703648893448;-2.8545567605416267;0.048089316887948021;0.079890652308480956;0.1420302301507953;0.009591284706832872;0.13281090132893153;15.465463774348832;75868089.184694737;0.033123267610777114;-0.54485699477933025;5955.7577644191651;6547.0556225889895;13582.822710602002;0.0096149395850688695;0.52745597479295114;15.142455323658131;270.87216983056913;0.027372132564615514;-2.6035531154589009;0.13065972987082963;0.14802649888911323;0.3065355583822561;0.0072298130010401548;0.60750393783361867;13.866969999525184;59.498476205761293;0.013667382590690684;-2.1669707497892432;0.062873891965477463;0.10297979515560748;0.18634667728257531;0.0053628628712027327;0.61911281886272507;13.810718488692197;44.61906069236116;0.008540141320010507;1.3155041858571082;0.06135977328820913;0.097215989373837589;0.18037558843405693
2200;28;0.0096013188948737126;0.034672989522797321;15.46301645217471;672125.3423208826;0.024627719307027267;-0.32958766858399713;138.39365496375791;147.34463573223388;313.74600989788263;0.014258297174804306;0.27316611046235073;15.027076516211327;228.28977648813233;0.018248922228873126;15.931408328339636;0.15397331928495547;0.1680652536927299;0.35769984066249361;0.0033450836891511871;1.048377140786281;14.767195649280159;71.491814418111005;0.013685234707644926;-2.0154167350108665;0.063700585346484373;0.091839654582975092;0.17339822505220481;0.0065797120171278891;2.3786390094188055;14.728630038306449;59.352154060442281;0.014925428943335799;3.9617058544211048;0.053718976262308052;0.076763233526958796;0.14510472662451007;0.009579943838121812;0.13265764870464036;15.538567932587751;76659357.973035574;0.031077826262810426;-0.17899116222412914;6206.9147454748882;6371.7296705046865;13668.508615885135;0.0096146794336320965;0.52643467657200738;15.407578940858382;275.63812793349541;0.02461511329208918;-1.5616505298407191;0.1359109391597472;0.14279353447654097;0.3065644235733474;0.0034713391009455904;0.60139633541477833;14.705893193998971;65.071722223890788;0.0094367838714305863;0.79018289515939699;0.07065320517068506;0.10063488926009216;0.19283442692632197;0.0018228883174249211;0.61292307144422875;14.679267877759779;48.761818445717275;0.0061057001498749843;0.13588504857580119;0.068423223364246485;0.094776304228342087;0.1860331622518587
2200;29;0.0096092485407502023;0.034735979958221926;15.46279280857682;667298.11088044778;0.025503177833068612;-1.0053890514193142;133.5309870613772;149.63850752546742;310.9374938403966;0.030009303955004396;0.274936590629629;14.562022204634506;222.06768860581809;0.019054133993018061;-1.1382064643816747;0.14628538351774395;0.17766622087967276;0.3593833105235637;0.0034770525042312297;1.0482851954947838;14.726268186039849;71.17707184085134;0.014378821235758532;0.94279062364908128;0.063029754859383669;0.092275974717802953;0.17312018525199324;0.0025597803147781864;2.3761795445323668;14.742878673961096;59.0872167047023;0.015588489936242433;-0.044337715686104673;0.052378425648460396;0.077585465796457684;0.14449116810233484;0.0096095339208621018;0.13265572502385517;15.538124111909021;76669329.707974911;0.031078232348188236;0.072914479052066383;6095.0629264112495;6485.7554944491585;13670.918024029117;0.017469779056377383;0.52711839259796778;15.043556828443631;272.37992239345135;0.025213321895574802;-1.2391261229343087;0.1333040825389171;0.14911294411769363;0.31068578863723806;0.0020821556735268368;0.60162121961300263;14.695336347154852;64.860616357743083;0.0099016167911682267;-1.956441760572325;0.070008771922457733;0.10082161950490402;0.19229281987663274;0.0018083573437729719;0.61309481594447968;14.656302377246291;48.641623983824381;0.0064105667470795999;0.17612608257930873;0.067959521104776849;0.095087045340788809;0.18584675491965202
2200;30;0.0096240720823486513;0.034635053003664006;15.542829175898877;675078.70604214142;0.023886353956282701;-0.51162768084740406;138.96510988921025;146.48527379852123;313.44660095546607;0.00035439608358928836;0.27321490357952688;15.443238105565475;228.26639862162139;0.015605821694142806;-3.0583757679970347;0.13476241334354272;0.17684050803495804;0.34579370701286855;1.398956731134527e-05;1.0496701813350475;15.344281038263981;76.063454043944631;0.01074899228204707;-0.97449675502829791;0.067504264677175352;0.091469078372241219;0.17746571350943585;0.00065215673280317056;2.4116465472998154;15.335634910203128;63.118107475071326;0.01166252478540568;0.080535403510850756;0.056415486085867252;0.076070286261733872;0.14751276154905094;0.017017765075166006;0.13262316872982136;15.441781889497076;76837087.7853733;0.030909026835205012;11.809601033479744;6170.7898884990746;6527.1833262560503;13799.19276221351;0.017199209219713539;0.52617331465637796;15.324670443821528;276.82599286187184;0.022746559742852134;-0.14453708663335618;0.13757468198004363;0.14412549378844156;0.30988493004324791;0.00021796131920730192;0.59710436093820085;15.321814775045226;69.333494701421685;0.0075456214313725546;-0.45781025206501624;0.075391184743159256;0.099955925816595306;0.197696004942641;0.00027914442845184957;0.60857411031149755;15.304726990106079;51.923966033386229;0.0050230060400127613;0.024266855868226855;0.072921596765158941;0.093881522174713197;0.19044767348540603
2300;31;0.0021170043907314529;0.031685972836023882;63.242715886741074;970152.95656345028;0.007440042611229979;-0.53178586579250009;0.0;77.837336013517728;85.343464688278871;0.0021157370770423828;0.23232666557133091;61.034453663650289;462.39745325544072;0.0045932737021526599;-4.1330277740343035;0.0;0.136632536460249;0.15151910529828289;0.0021176467290693439;1.0694351214452857;59.730501078705075;199.85745080905673;0.0034663495925950942;5.0000057106835527;0.0;0.10812666844641135;0.12071362990003338;0.0021163680043299327;3.0110709958470498;60.090934283702751;174.53491442186146;0.0038428546827035093;0.1015583137338183;0.0;0.10095650174336525;0.11244322556822423;0.0021166227335914604;0.1286107599442976;64.12576547015108;101612535.97559001;0.011073515857680067;0.24991838104142516;0.0;3565.8299755976514;3869.6999124794334;0.0021174290409812562;0.49163739806987311;62.287984352180629;516.6658341652128;0.0071746090113459131;-0.25387730157788724;0.0;0.11879055604249249;0.13050690954679325;0.0021161907693212629;0.53500273736311355;58.313045085956858;189.09344045917817;0.0022318041114288496;1.8616420273495748;0.0;0.12105676547329812;0.13651975969379149;0.0021202633078965475;0.55961635744616189;40.119898229761255;111.74112369544505;0.0024098699103028147;12.287101301884462;0.0;0.1335458430036264;0.15295567914302713
2300;32;0.0021167601462221877;0.031203817562203844;66.144873990028728;1031424.8837413881;0.0050782539266969844;-0.32505392192234694;0.0;79.361281597773697;87.108374513525632;0.0021167570704066093;0.22842056923891024;64.807195812035999;496.93734540192332;0.003075877527741439;-2.5207792706936516;0.0;0.13855701959758568;0.15379212768678069;0.0021181365327873386;1.0710700441105019;63.997778353522193;215.98113584392837;0.0023384759287096114;3.1354095026372875;0.0;0.10897412346037062;0.12173346207816618;0.0021154338940319005;3.0617794784633041;64.2229321344618;188.15788512164482;0.002639831661378913;0.061284244820569711;0.0;0.1015880650289369;0.11320374979254703;0.0021171623496783207;0.12780833388889259;66.665850915612111;107495902.51452181;0.0076949298724595079;0.12960094346397;0.0;3631.9901765541672;3945.4139117497939;0.002118158495997675;0.48807160638448405;65.572088315252799;551.52527198909797;0.0049262738630503761;-0.11774691209893717;0.0;0.12053168157249218;0.1325396003056947;0.0021160671708643549;0.52994227321967646;63.104048752998203;205.92219751292905;0.0014679829979010984;1.1746271177003109;0.0;0.12184241037514325;0.13747844861406833;0.002121844147178979;0.54564856171015841;50.801138179813186;140.35036616739794;0.00080415088062316966;8.6011911595804236;0.0;0.13245220131705493;0.15158706959590623
2300;33;0.0021170670741543899;0.031203610986629458;66.144936407789345;1031452.0500134712;0.005147613374826685;-0.5664881587492232;0.0;79.363667919361049;87.111139658844095;0.0021181138270684957;0.22842317034565701;64.80640400022483;496.91358380687598;0.0031175871761908169;-2.5242507087924082;0.0;0.13855129968538865;0.15378536873098467;0.0021174520377209727;1.0710715268485611;63.995710582760445;215.99558325096564;0.0023261337592373008;2.7301809802885657;0.0;0.1089839590354692;0.12174530186683713;0.0021154338022291862;3.0617744344129108;64.222720650135514;188.15651389492544;0.0026221411464375068;0.0051143850328116969;0.0;0.10158777262574115;0.11320339760178137;0.0021177328213784598;0.12780941948060118;66.6657963375945;107487705.21460703;0.0077431912990637217;0.13271495128890365;0.0;3631.7013440785245;3945.0832074861551;0.0021098397590428326;0.48809222947304914;65.571611696473326;551.31881834108924;0.0050094557326217839;-0.43331136092774614;0.0;0.12048540039062805;0.13248554495425158;0.0021165862531010576;0.52994200070443209;63.104102789409154;205.92311782596971;0.0014452391271178985;0.86013216580695939;0.0;0.1218428625227491;0.13747900050114437;0.002544673284158732;0.5461274052261712;50.642194943454243;139.2830829316122;0.00097890302836771306;12.230321752085871;0.0;0.13184770005481136;0.1508310521958437
2300;34;0.0021166334806446427;0.030982843061312833;67.925290067806557;1061155.2509989568;0.0042739143863559604;-0.29720169566473942;0.0;79.53587058212122;87.310691459476331;0.0021206718972389422;0.2265377556548514;67.174085917593231;514.79123912905061;0.0025257876920377;-1.3965855861982845;0.0;0.13846491729479901;0.15368329690780166;0.002116955832810193;1.0719076504270912;66.700874292897296;224.77795865609696;0.001874185018074034;1.6043423797569289;0.0;0.10883068734209492;0.12156080708524339;0.0021126674746377787;3.0880289727132895;66.834915931432462;195.57152432909811;0.0021347877962983315;-0.016339485185312697;0.0;0.10149876253196161;0.11309619112231284;0.0021171398133159919;0.12744589157603423;68.205083567381692;110278032.30214089;0.0065186158661154053;0.050658274365389389;0.0;3642.4413698916278;3957.3811618682521;0.0021157863803180368;0.48637003915284838;67.608592729547411;569.12830509996923;0.0041285011852689995;-0.22147644859416005;0.0;0.1206367909107266;0.13266237043476933;0.0021171288677894733;0.52732930949718348;66.166497648013944;215.31593272596692;0.0011428835446944214;0.50042225815474239;0.0;0.12149482838862734;0.13705424456426257;0.002571142180392119;0.53844014829577636;57.772369232271892;158.2726291472357;0.00053016934370293681;8.8621330769150575;0.0;0.13132401707336078;0.15017638171627931
2300;35;0.0021169459824216742;0.03120366883067523;66.144841203646905;1031444.4362169674;0.0051847097505993154;-0.3725226034134721;0.0;79.363109514068796;87.110492607421378;0.0021163690588757314;0.22842424510064865;64.806186415171979;496.90378298087489;0.003125950530520164;-1.7606743550345527;0.0;0.13854867013087704;0.1537822615142089;0.0021062160068321145;1.0710352446817564;63.882644636451928;215.62242708410596;0.0023202025549214824;4.6732456645294462;0.0;0.10898784909928227;0.12174998463899496;0.0021124530684335343;3.0609350453054138;64.139188945772901;187.92296246553269;0.0026145233361238324;2.3753290437412033;0.0;0.10159212585060216;0.11320864093659239;0.0021190655864479981;0.12781156276099051;66.664129471068762;107471517.19975482;0.0077728891523863889;-1.0100553169493764;0.0;3631.2204824329469;3944.5326389111619;0.0021163443126850185;0.4880723691203242;65.571088567983466;551.51750469349633;0.0050370565965728274;-1.2150706798593092;0.0;0.12053182824160223;0.13253977161390337;0.0021125200706144224;0.53372366365311952;57.785046890333845;192.96176681456316;0.0017330469012916119;76.809875032299857;0.0;0.12476119828207889;0.14104467234318982;0.017356672040696935;0.55641883678999504;46.254722323477331;118.23979071989183;0.0012426998939536798;7.0726192839195789;0.0;0.12239476722486135;0.13905338486948834
2300;36;0.0021184065337841438;0.030982696625882534;67.925113158801537;1061175.1851860085;0.0043041462768761323;-0.20116447815610172;0.0;79.537884976561401;87.313025922629492;0.0021174878286156812;0.22653004540017666;67.174109650015239;514.86444614023299;0.0025309949109451326;-1.012922340986222;0.0;0.13848769531241323;0.15371021163322379;0.0021060396376444907;1.0718870428828826;66.634171730635046;224.55751180702939;0.0018618820940238961;2.7781022335446437;0.0;0.10883259959120788;0.12156310875657944;0.00210894789293248;3.0876516357168708;66.785916610008485;195.46213688582301;0.0021215132272378776;1.3856807331379173;0.0;0.10151148341329634;0.11311151211661093;0.0021186410238476024;0.12744731779630245;68.204145539115487;110266949.50854076;0.0065416872214966093;-0.50775551605823921;0.0;3642.1082845394367;3956.9997302476381;0.002116091554196379;0.48637105951071591;67.60851853528996;569.11771892249669;0.0041579775108372113;-0.69890257550611068;0.0;0.12063458208409722;0.13265979040512241;0.0021107984380876448;0.52955115824465437;62.753101205624041;207.18827792080734;0.0011711182751541964;51.814938487228801;0.0;0.12331626282379121;0.13927833446044724;0.016650174560384853;0.5444584081441558;54.425333528167009;143.52219381627481;0.0005418430153188887;7.9643675031320527;0.0;0.12632821464213423;0.1439438486675195
2300;37;0.002116269197281636;0.030982894564890236;67.925230054146269;1061148.2292798066;0.0043367405146764208;-0.62659514743899081;0.0;79.535330627491561;87.310065711596025;0.0021200833108331201;0.22653469471411181;67.174017982773549;514.82028859666707;0.0025486241350786759;-2.3241895495189624;0.0;0.1384741407550073;0.15369419540195917;0.002103712451108851;1.0718865093455583;66.635498453821185;224.55217826947631;0.0018551066267475818;2.6636068171782767;0.0;0.10882827647346273;0.12155790525687631;0.0021107478974869589;3.0876649837988213;66.784861573045376;195.46569024629426;0.00211376831906019;1.4941211235750984;0.0;0.10151396857390368;0.11311450525369815;0.002115096484412131;0.127446261413731;68.203356354677894;110275152.39640778;0.0065495592176196974;-0.40900395377150289;0.0;3642.4383320256443;3957.3776830572565;0.00211983526211237;0.4863737196824961;67.608279364499694;569.09011469381414;0.0041948958880784308;-1.0048532018828382;0.0;0.12062890769662787;0.13265316242553871;0.0020876203994848394;0.52955444967717058;62.783889143664915;207.18146385586473;0.0011841221928046211;41.788514074762872;0.0;0.12324998963435682;0.13919736166929303;0.022774004852669266;0.54480659413880295;54.011123737737798;142.68408448554467;0.00066309881951955745;9.0751796913224325;0.0;0.12655743894223812;0.14422930294338246
2300;38;0.0021170646924156765;0.030843311313336376;68.961289241112411;1080470.519776826;0.0038637146254680262;-0.28046628966365006;0.0;79.809592838204551;87.627936044816096;0.0021154313600854186;0.2253325757751232;68.626597922953451;526.6177472919876;0.0022345910603380646;-1.1120707820012399;0.0;0.13867717162528581;0.15393411006582927;0.0021051158860248436;1.0724316678435677;68.368069912488494;230.44920346406735;0.001616655454323842;1.3199044106443125;0.0;0.10885341901940129;0.12158816818365832;0.0021127046099965441;3.1047342621017022;68.440912849591186;200.39554909268597;0.0018563443406632214;0.72076382293602137;0.0;0.10154425027857125;0.1131509770902354;0.00011732643660791633;0.12736849678737491;69.214348365384168;110885090.49032024;0.0062362194491627967;-5.3449544067333932;0.0;3607.2887240373047;3917.1366661645266;0.0021310146621026649;0.48530406738482518;68.823239962613997;580.46073793087135;0.0037277042612930984;-0.32055182377916935;0.0;0.1208780477321529;0.13294418940400185;0.0020887134731083596;0.52681859256363628;66.211619518549256;217.1282909848708;0.00091735064842936884;25.685166700421291;0.0;0.12245955551652155;0.13823189090061141;0.0022009496027500432;0.53731799980426542;61.210243680296124;161.6171524184472;0.00038027123429122759;-18.364808689017309;0.0;0.12648961390923999;0.14414483483898088
2300;39;0.0021181942476872712;0.031210372698261542;66.078278653639316;1030557.6711451324;0.0052289930020932062;-4.687003870326123;0.0;79.376898116520394;87.126470207744759;0.0021128248532760702;0.22874344416262757;64.329376979709849;493.94023901087621;0.0032385194372510024;-4.0950847472117857;0.0;0.13877423842517206;0.15404881884365149;0.0021096670980819904;1.0708766544653674;63.2604694644047;213.98288129004482;0.002443725447274797;1.8444921764647404;0.0;0.10920166647391823;0.12200739305351535;0.0021061065342870846;3.0571383697036985;63.685616035305614;186.86069442218451;0.0027254884125811163;-4.8807976337833736;0.0;0.10169671883249014;0.11333462516831562;0.0021170334685496209;0.12780782063245291;66.66760333517982;107499785.16666184;0.0077841056775229773;-1.1413990708007304;0.0;3632.0278214467389;3945.4570140938959;0.0021170758511355851;0.48854408255943965;64.856952651966523;546.72387270323884;0.0052286261731512452;-1.1152149830778058;0.0;0.12081219552406854;0.13286726204850463;0.002116405737062363;0.53865495349030701;52.349850062435408;177.51275922427499;0.0022024207259299616;-10.253012207519419;0.0;0.1267412257153929;0.14346793153165255;0.01709884408749315;0.5565820363417453;46.146768930482267;117.93006869133234;0.0013488988356506173;-3.96572941978377;0.0;0.12235914444668229;0.13900916368978422
2300;40;0.002116508945101259;0.030986148639742098;67.888978281323986;1060701.8703926415;0.0043285674589685214;-2.582618226581701;0.0;79.545984097233998;87.322411952439296;0.0021165212173028976;0.22670093577788725;66.897107791136975;513.20245453212715;0.0025770815651994564;-2.3815487092136323;0.0;0.13863213667215149;0.15388089178068068;0.0021090793050397268;1.0717968206353541;66.261433941641869;223.58495147806909;0.0019229221909655492;1.0614171566388109;0.0;0.10895833092905007;0.121714451645618;0.0021069048136553113;3.0854435212597444;66.516807137461328;194.8249060615978;0.0021805689696489062;-2.9308235272054617;0.0;0.1015679743918432;0.11317955140436478;0.0021174608092838975;0.12744560760540666;68.205993557211173;110280241.97523333;0.0065565636495361033;-0.5850139197008275;0.0;3642.4670779454068;3957.4106014418844;0.0021158727380414947;0.48662935743034802;67.20346169675723;566.39375951465229;0.004205092465094336;-0.63264949385342106;0.0;0.12078755545805682;0.13283847864829029;0.0021249053213328074;0.53252771905162266;58.984016367341745;196.9000345587547;0.001246727662200176;-7.3246501744733905;0.0;0.12471861667672998;0.14099259431903727;0.021067346633195434;0.54461310716047417;54.100506899079761;143.1288993565046;0.00058967970064325258;29.6743875125145;0.0;0.12674532815981593;0.14446331976058982
2300;41;0.00069926016600532011;0.031095255108375946;67.985624150837836;1045983.2860843433;0.0046470672733181957;-14.788954958187617;0.0;78.109012793370809;85.657957668275799;0.0021170552864056887;0.22669474281004037;66.901015761409298;513.2616288001534;0.002585700992718504;-2.7960011827687481;0.0;0.13864128154369484;0.15389169828015001;0.0021091315014504564;1.0717949033877265;66.263027100677405;223.56548440905021;0.0019094885402475481;1.9655352132076587;0.0;0.10894731668809454;0.1217011932582641;0.00210794072784191;3.0854559656790941;66.515577966955561;194.82818230182014;0.0021634666449021085;-2.4150656004351845;0.0;0.10157055747125643;0.11318266260293024;0.002110800183535167;0.12745007866655525;68.204104102076556;110245506.02675882;0.0065890360043034651;0.3611203501094451;0.0;3641.3639769538604;3956.1473956300879;0.0021159809010742178;0.48663531523201731;67.20224775854804;566.33217642436432;0.0042275722798288317;-0.090867927336546472;0.0;0.1207760995504448;0.1328250965058147;0.0022870814695157772;0.53262380894187267;58.920636075367725;196.58511889599242;0.0013235088093739914;-10.576007788518638;0.0;0.12465131677210019;0.14091028846202108;0.024037413413138156;0.54526103872878606;53.629195394021394;141.62052505236895;0.00072190298309546383;29.611590523540343;0.0;0.12650784990754627;0.14416754519986391
2300;42;0.0021179935066960474;0.03084500964737685;68.945970829376762;1080232.5639796413;0.0038568470499599841;-1.9737676564858475;0.0;79.809772151370154;87.628143889140887;0.0021208884905047276;0.22541129628065656;68.496714767360942;525.82987677030223;0.0022435056205317586;-1.2986993546235226;0.0;0.13874106054633395;0.15400961025583226;0.0021136836044153245;1.0723854204486869;68.181049047276758;229.93844065947357;0.0016421669673611628;1.0067978918939957;0.0;0.10890496961687446;0.12165021895450014;0.0021100417718253298;3.103660359924294;68.308435564157122;200.07946991917024;0.0018814714209465066;-1.1669926015144938;0.0;0.10157052031958003;0.11318261785542891;0.0021180023348338598;0.12721833148994849;69.076039033829105;112065181.4873192;0.0059167528432222186;0.17166784354429865;0.0;3655.4703321898578;3972.302715437922;0.0021174813277931776;0.48541782804638089;68.639494886689604;579.23242500351716;0.0036897922521840613;-0.010710895304555379;0.0;0.12094825127347709;0.13302620281189284;0.0022841682131303854;0.52855321239527531;63.688699764796844;210.71630107419847;0.00090903304280625351;-7.6980359450679714;0.0;0.12358070127138401;0.13960146278201982;0.003008500400183519;0.53748438770856177;60.969718118914813;161.1573014673173;0.00040697220462303967;11.661617836097093;0.0;0.12662959929517684;0.14431917499215266
2300;43;0.0020909187946751163;0.030991063140093467;67.89122997749152;1060033.1689892823;0.0043964886562881042;-3.9936321544956854;0.0;79.48348753372747;87.24998639309122;0.0021130180309280357;0.22698122351855837;66.423278112577506;510.48735908740116;0.0026382174386257251;6.8506007257425949;0.0;0.13892240051793034;0.1542239198058368;0.0021096643939064984;1.0710227849457359;62.874280824240721;215.37552302965784;0.0021250739211896514;-0.31075518603884689;0.0;0.11046175892671965;0.12352516867549965;0.0021111534013221423;3.0604686794882459;63.228095230017651;187.69490386740378;0.0023996600086359766;2.2357542280460052;0.0;0.10255507749814019;0.11436889436409077;0.0021170610486051637;0.12744560076611477;68.205958037414419;110280294.96742137;0.0065897682938457014;0.13848021908700048;0.0;3642.470922700049;3957.4150042630163;0.0021166356272105959;0.4866877007488617;67.105465630113244;565.77957594971792;0.0042592538379215674;1.813565645116455;0.0;0.12083485845619585;0.13289373617725589;0.015322144647314994;0.54038524770593399;54.681198537802416;172.98960273767798;0.0016197218699665029;-7.3935287413917194;0.0;0.11802355761786014;0.13282342143967901;0.010343340240610666;0.54609397222411926;53.784933519887566;139.81510129785124;0.00076857148577675531;34.662048848403515;0.0;0.12450059239072217;0.14166970108901714
2300;44;0.0021151138041009716;0.03084497723824085;68.94629079178705;1080237.106678576;0.0038985709297590506;-1.5962563895499216;0.0;79.809730999754166;87.628096189741697;0.0021106648977473573;0.22554522879961816;68.262392953521243;524.49059631876935;0.0022463500922569679;3.4214128090980012;0.0;0.13888216203525769;0.15417636392430878;0.0021097349017364445;1.0719845909754924;66.266517144309518;225.51935483107735;0.0016377248032339192;-0.046355079200566252;0.0;0.10980798191500013;0.1227375295377781;0.0021099820323188844;3.090702015894669;66.481666942612478;196.26825323194069;0.0018747722561907843;1.2744603693889189;0.0;0.10214848807867438;0.11387889938346382;0.0021186722552553852;0.12721797148948849;69.076908946435836;112068032.07773067;0.005927150170357158;0.054751659895657667;0.0;3655.5198232244365;3972.3594010495999;0.002120109033234853;0.48544386406979545;68.594022445071516;578.95124627853772;0.0037042502434734893;0.91837785356005952;0.0;0.12097066652179121;0.13305238945660389;0.014379763501877869;0.5330998520444884;60.623303283975609;195.31134155302692;0.0009135739406758278;-12.553952175095873;0.0;0.12025123327019836;0.13553734855339419;0.0068584677813639935;0.53786408757942195;60.375552239507847;160.10622465738791;0.00043034436425882843;21.379456704601552;0.0;0.12704867619978502;0.14484121192611504
2300;45;0.0021453482085199518;0.030847177752451087;68.94416965198522;1079930.4381357611;0.0039288522127476277;-1.787075522106818;0.0;79.785810757973664;87.60037014507067;0.0021086974316406088;0.22554544569133841;68.26531370142402;524.48893956835343;0.0022478459807099924;3.3817590202943393;0.0;0.13887476256766923;0.15416761895750905;0.0018803770734772676;1.0719612542011314;66.335158816596959;225.28653966103099;0.0016322728870559573;-10.426957189496022;0.0;0.1096015575309377;0.12248891439477003;0.0022104856104741173;3.0901959093136573;66.427912786544425;196.1224716926709;0.0018803747366058202;8.388445856304827;0.0;0.1021533343629816;0.11388473896346317;0.0021184612505722759;0.12721772392555217;69.076930790184207;112069990.11952388;0.0059397157592703488;-0.018179606031765161;0.0;3655.585933284061;3972.4351216807481;0.0021152279914533178;0.48544060409531636;68.594820183779873;578.98579322957391;0.003727651755435317;0.21545490213412677;0.0;0.12097674584968895;0.13305949169242132;0.023390095032518564;0.53374017229542614;59.912638066565101;193.20459043843053;0.0010450033377720823;2.8166677531970663;0.0;0.12036821980994275;0.13567998862515343;0.0086063900494236338;0.53793861831620038;60.228316567410985;159.89625850915948;0.00049339344183502826;24.595709400180965;0.0;0.12719464326774155;0.14502307980037821
2300;46;0.0021081464976052001;0.03077657072572083;69.393679268560135;1089858.5541879167;0.0037122243667714137;-0.59637442089268689;0.0;80.036792473216039;87.89130723580989;4.2339086908803331e-05;0.22517356994694099;69.343715776153516;528.2831151409207;0.0021192673168646996;-2.2434410160826701;0.0;0.13751804364551237;0.15256472261378001;3.3371480874688738e-05;1.0722831507783492;68.568150804513493;228.90965485530737;0.0014441604316423472;-6.5375816952197852;0.0;0.10790434683228201;0.12044618871152188;0.0022074061871224433;3.1083009093960778;68.471538446971238;201.40156093745765;0.0016220247247671954;4.1845241487962426;0.0;0.10187845579739052;0.11355355349896305;0.00034130238268126009;0.12714128078649387;69.546229353707943;112678260.49724397;0.0057151039329379205;-8.9987148671824002;0.0;3650.3566247563731;3966.4458455305526;0.0021150417525788766;0.484806853405433;69.300633117920626;585.81925099926843;0.0034776814698204189;0.088198651728532695;0.0;0.12116625607353788;0.13328090016795766;0.00074406671031823927;0.52837254484816609;65.842072752037154;211.63449790815045;0.00067244813348511573;-1.4291197087644036;0.0;0.11996576890936243;0.13518933499207078;3.1407768677669575e-06;0.53232749699376603;65.627089730110967;175.63877334310487;0.00032840621912449502;-1.2407031113397693;0.0;0.12824101397738341;0.14632739761277988
2300;47;0.0021146133276900522;0.031234087495049131;65.856370205021221;1027429.5189258341;0.0053149523730021278;-8.1872507351633317;0.0;79.407346652867389;87.161753127513506;0.002114883086324426;0.22897864372470864;63.913574178978394;491.76014885715034;0.0033403693036400924;1.5578924905874203;0.0;0.1391063423827345;0.15444132328872276;0.0020924828566440358;1.0704393146068141;61.568695575964327;209.52380170471486;0.0027562255733447438;128.94553285873158;0.0;0.10980424114393726;0.122733023875331;0.0021132358071042669;3.0526703144571963;63.110401883852816;185.61151116523408;0.0028883122294874734;-10.450505238220131;0.0;0.10187020992155865;0.11354361953103956;0.0021174230144075661;0.12782434780000679;66.577319179008896;107374705.9913976;0.0078253171061924819;-5.2097334262398931;0.0;3632.7590155974872;3946.294215643386;0.0021162759992909498;0.48864481564455076;64.690428793580267;545.70420201154127;0.0053075487609502946;-3.9884421750585375;0.0;0.12090120621444736;0.13297124334987506;0.0021158901063930771;0.54265425827972247;50.431455810169815;166.28497852880764;0.0025011930084972455;5.295752496852657;0.0;0.1231476722549734;0.13907235719923103;0.016644138861643055;0.5564631203684145;46.162598836529156;118.14692111143428;0.0013998604983303917;-3.486777869140667;0.0;0.12254519450489282;0.13924013505461685
2300;48;0.0021175604124260995;0.030998426257265437;67.766884042894148;1059021.134765757;0.0043566252943553893;-4.4865478167949391;0.0;79.566166358605145;87.345801306039718;0.002114453769881884;0.22684333992949063;66.652291262750254;511.82024131257305;0.0026250576501491204;0.92165547981011287;0.0;0.13878806510965422;0.15406515897422257;0.002082977192519174;1.0715448213299359;65.218703778104498;220.88880227776809;0.0020569140543983634;79.846072411692148;0.0;0.10932868574639874;0.12216032621692562;0.0021134902240639557;3.0828578614540199;66.170431532375332;194.07711668282775;0.0022712272984595659;-6.2276600974939811;0.0;0.10166867367639584;0.1133008433081;0.0021055105105013071;0.12745913449976115;68.158901479658368;110175024.30563015;0.0065780825034509839;-2.8425842574733906;0.0;3641.4540104632702;3956.2504958876511;0.0021172403761083717;0.48668584682729138;67.107305098837458;565.79891186154816;0.004244647409384089;-2.2963409683598002;0.0;0.12083571342719703;0.13289473493376372;0.0021179172988489673;0.53483666368876692;57.635371147769334;189.5068625244883;0.0012741331158362909;3.5930595294722423;0.0;0.12279412702655032;0.13864048708992849;0.012788031748322557;0.54450191898287137;54.554363162098952;143.44317403812158;0.00060612302264203947;-14.970419482911268;0.0;0.12595388134480059;0.14347779721694318
2300;49;0.0021217656706225686;0.030998432098844796;67.769089791091716;1059020.5336066862;0.0043871299628279346;-5.0050036131068509;0.0;79.56304651857053;87.342185681423175;0.0021183256667735534;0.22684310522483606;66.648074803228198;511.82180397327949;0.0026253033105057507;1.0514124462531527;0.0;0.13879873876967766;0.15407777299035641;0.0020748674528356346;1.071543150555486;65.224061504313227;220.87252575998713;0.0020219675205934251;80.474283199420427;0.0;0.10931318632844489;0.12214166394397459;0.0021104806751983535;3.0828322205547911;66.17149601585254;194.0702213548123;0.0022354006072387495;-6.9830263148304539;0.0;0.10166489251170606;0.11329628874961646;0.0021176263248774666;0.12745444409632206;68.158084625080633;110211427.69397224;0.0065870141433471479;-2.6271391553351009;0.0;3642.7684081087268;3957.75567046795;0.0020987692934290587;0.48672336585982812;67.104982965131668;565.41237629873353;0.0042702886369208231;-2.0392372231526679;0.0;0.12075373138818525;0.13279896751566547;0.0078892624798330441;0.53834720726538599;56.046731551560185;178.90347145629448;0.0015030965025254683;27.152947650363046;0.0;0.11911348195827667;0.13415071661203018;0.022475815866016075;0.5452243338143915;53.691865471518732;141.71070214733805;0.00074588092249959167;1.2433482808823726;0.0;0.12643952305259498;0.14408245538173581
2300;50;0.0021211406329979298;0.03085028682090581;68.894394481127378;1079493.2392318749;0.0038786766276768386;-2.1277731236224895;0.0;79.815792170701599;87.635121790496825;0.0021126768957401595;0.22548400444091632;68.374229126567073;525.1030427088499;0.0022559996893326975;0.50234700001396959;0.0;0.13880649144935736;0.15408693506386964;0.0020761407485954059;1.0722610858000803;67.63336777657814;228.56499579966885;0.0016767227541772047;42.841854333633478;0.0;0.10911067572655696;0.12189784722605811;0.0021121106641553071;3.1023986594257535;68.134462713692827;199.7065084238844;0.0019207714769779529;-3.5138612593186735;0.0;0.10162061458242905;0.11324295520786017;0.0021182501063876586;0.12722156040570612;69.057643324610581;112039575.49618128;0.0059092518904702461;-1.0595100990400397;0.0;3655.6161063399068;3972.469681087794;0.0021489040698496414;0.48546237126660297;68.591250374423424;578.75539687605215;0.0037089931031373796;-0.68485407606146964;0.0;0.1209329715663616;0.1330083524480194;0.0074026055051808343;0.5318858414864247;61.670133964805324;199.33178277364672;0.00089376498184883738;17.461088732481045;0.0;0.12065400081258464;0.13602848665483877;0.0054974061469796106;0.53747808945780506;60.803410335337865;161.14933186548981;0.00042277127712783241;19.215782008344462;0.0;0.12697537121437916;0.14474988510850664
2300;51;0.0021161174364192621;0.030997472435081153;67.770201613777061;1059151.0503673593;0.0043997682160431522;-4.9327418698823067;0.0;79.573111240149004;87.353849851332924;0.0021205774003759501;0.22687545029512682;66.629765272672657;511.51421538608224;0.002574757371874601;-19.144655671360056;0.0;0.13874621322109931;0.15401569948614904;0.0017492239365654724;1.0703020126730314;60.089868416725103;208.02422369489116;0.0023266965120509481;150.46665200852658;0.0;0.11152888255725527;0.12481155983964687;0.0021245999852774595;3.0541186421472917;62.303196725769475;185.90234713089998;0.002477679037270834;-15.569053633662833;0.0;0.10293561293056058;0.11482762044349513;0.0021075607453785511;0.12745856026176086;68.154995461037231;110179465.33315942;0.0066102130233266247;-3.1133118282085093;0.0;3641.8287539773819;3956.6796281795991;0.0021133915956265247;0.48671344033957792;67.075419651612918;565.51059498393238;0.0042742164307237734;-4.743090137756667;0.0;0.12083135885673074;0.13288964803417952;0.019639384198893276;0.54108611900117021;54.180015973719961;171.00099236032966;0.0016502345493132971;-4.9941388769049411;0.0;0.11773847279492938;0.1324764191899942;0.0089486128708245634;0.54608172181516523;53.814673743199407;139.8460066879592;0.00079349877157188571;7.1909926738371155;0.0;0.12445859921857289;0.14161748591131457
2300;52;0.0021169684406307046;0.030849937172371861;68.89499769330881;1079541.9584553081;0.0038914423801008733;-2.1364047817812093;0.0;79.819229906459398;87.639106538630614;0.013673910302248784;0.22672433141533949;67.57321979501404;513.08460830514639;0.0024440716131736884;40.456630979309693;0.0;0.1369883595840499;0.15193921151898415;0.00076354899420925265;1.0713304304814169;64.549656298526401;218.64527226632183;0.0016983502604719029;90.741553011663711;0.0;0.10933890548331772;0.12217263153389019;0.0021281260504331756;3.0870993214162037;65.912417795979408;195.21098559022465;0.0018853953987804947;-9.6991936092123865;0.0;0.10238414638422186;0.11416288189498099;0.0021181977290658802;0.12722241900470216;69.056115913772572;112032781.07733417;0.0059222648304779156;-1.2154562224608867;0.0;3655.4676413383581;3972.299633414972;0.0021137577135976371;0.48545215505490852;68.58019140690935;578.86182423324806;0.0037104557193392532;-2.2225524424953846;0.0;0.12097663819870402;0.1330593659278827;0.019183027825205531;0.53351669321147255;60.165858953500447;193.93783591605344;0.00091553176258889679;8.7758605591567118;0.0;0.12031511654055953;0.135615239091121;0.007020267559404339;0.53784718674938858;60.338071931276382;160.14360379111463;0.00044460424650411809;4.4440238131613796;0.0;0.12715909171363407;0.14497878242820295
2300;53;0.0021187073785368851;0.030850251723121842;68.894862903604235;1079498.1652963276;0.0039082761212642378;-2.4295132235707229;0.0;79.815580872765111;87.634876871155413;0.0021241973017199103;0.22549054535094018;68.363772404748886;525.03780129747042;0.0022455745433472207;-9.1666812140474008;0.0;0.13881111011316996;0.15409239339110709;0.0021614108561146404;1.0716146256317614;64.373443016517768;221.49308699169799;0.0016852680270148565;97.423776421457831;0.0;0.11090930500944911;0.12406455822706629;0.0021041558432842375;3.0871356157445913;65.927783976689668;195.22271620162482;0.0018908794052332097;-10.738570649336054;0.0;0.10237138300812278;0.11414750002038121;0.0021153677282881428;0.12722230569814091;69.057621384759315;112033682.86829799;0.0059372824231875851;-1.1981926207411675;0.0;3655.4146519645728;3972.2389409543498;0.0020957427694536001;0.48546526209888047;68.581874614670113;578.72362227439339;0.0037297193771371052;-1.9395898438574477;0.0;0.12094331964247773;0.13302044146816372;0.0003864450352444196;0.53395617094074133;61.162293211528549;192.69886177842153;0.0010190787758397597;-13.982541152239492;0.0;0.11752587236651919;0.13221769030644537;0.0031104113556240116;0.53808431839000459;60.456829064460742;159.56124101737126;0.00050726203455660613;-20.893647478294497;0.0;0.1264359366401776;0.14407798922010132
2300;54;3.7142865050906589e-05;0.030815100382912308;69.525303703883182;1084459.7864099864;0.0037666348286428224;-3.3333408533124498;0.0;79.389229887625433;87.140759830687301;0.0054707985386802738;0.22498077021201512;68.998748069305762;530.12401111776308;0.0021163318717994728;21.259456352609618;0.0;0.13887477019163641;0.15416762796778194;0.002163336503215871;1.0723919387280412;67.434871622607545;229.91588678598131;0.0013521862317471408;51.817818307269192;0.0;0.10999095983237198;0.12295793617788234;0.0021593039960443247;3.1067728745527132;68.23751259215183;200.94500499937368;0.001604692894769518;-4.8342013751422996;0.0;0.10196322296093831;0.11365567759357445;0.0021195884969374538;0.12711063244575058;69.418292534991053;112921903.60671762;0.0056434057213356412;-0.23168468938763453;0.0;3665.7863061798148;3984.1192332566975;0.003830709483875355;0.4849245293108348;69.177385482490962;584.54477894500565;0.0035112894433274285;13.080117139996617;0.0;0.121115836455076;0.13322199181972535;0.00020764267312956108;0.52842861882277414;65.805934648139186;211.43607714480055;0.00066702349519909862;-9.0674958253586624;0.0;0.11991784485369528;0.13513091695963372;0.002707078373247027;0.53232376987798979;65.403010244486083;175.61638617524844;0.00033845576301610102;12.970571132952102;0.0;0.12867104906383064;0.14686374276716999
2300;55;0.0021311030699168107;0.031049339172297449;67.238848173503925;1052084.7144086203;0.0045025583246551893;-3.2118117705238092;0.0;79.684118472013807;87.482503434225976;0.0021208218586826772;0.22801921435817768;64.560902419465776;500.56339221897019;0.0029353346643292456;87.176201402196796;0.0;0.14034846929006525;0.15590990942621472;0.016617411005135974;1.0671710064525679;54.620994426924341;179.50275646922555;0.0031018523425987285;26.890880630551806;0.0;0.10637141695878483;0.11860331636406367;0.014245677736165797;2.9401671029247134;54.868375172132829;156.8109760660416;0.0034337449348484541;7.4339200056883215;0.0;0.099787759181900207;0.11103676045287544;0.002119612139637139;0.1274546190170906;68.159499275662412;110210075.32860571;0.006606349219177402;-4.3228003261958747;0.0;3642.6415875273606;3957.6104413586559;0.0021160473999503652;0.48684891458449753;66.838482640395512;564.08670809865328;0.004345972443288079;-15.553978918593714;0.0;0.12096004985034328;0.13303998647750698;0.026221392533692916;0.54159986538596849;53.472412022513886;169.51388167833122;0.0017795029989921651;25.614193115067962;0.0;0.11827325066952223;0.13312740329719033;0.0096441938024234286;0.54614984517167964;53.658253081433656;139.67547978538249;0.00084593448901171188;-13.906053365894167;0.0;0.12467274782332123;0.1418837805180827
2300;56;0.0021179466084424695;0.03087193241712154;68.656944433917516;1076465.0157611473;0.0038785146174086364;-1.5466580404265073;0.0;79.876617246154424;87.705626772121363;0.0021064123937418315;0.2260668061880651;67.263398251314229;519.30010978540179;0.0023401554986492183;49.297685336273389;0.0;0.13965692980169789;0.1550921843798285;0.019468467376770843;1.0697166347464926;60.317703093493094;202.53167221859545;0.0017072408272022211;52.805202256921291;0.0;0.10847241690578485;0.12112963135658755;0.016554861515567558;3.0188585338419358;60.570322028197488;176.55956396784504;0.0019212847110390348;33.840502437853814;0.0;0.10121779110957763;0.1127578260378663;0.0021159587761769966;0.12722193978429946;69.058430056396574;112036579.07943881;0.0059271510592377973;-1.7989359974961872;0.0;3655.469143242397;3972.3013536520989;0.0021117952416916086;0.48552179278139307;68.467151401080656;578.11175550375719;0.0037398364132953305;-7.5908053780338491;0.0;0.12102132427787661;0.13311157157441322;0.0206939004897084;0.53379297020862171;59.866037255720741;193.03357886166498;0.00096406140966834623;18.409957682401767;0.0;0.12035494081404981;0.13566379713982299;0.0024108359957525668;0.53793268972889985;60.546569287622638;159.95728394364392;0.00046982933459711098;-24.814705076855859;0.0;0.12656400524970618;0.14423748074011461
2300;57;0.0021293158180750848;0.030873385229060756;68.655962476490856;1076263.4559001958;0.0039004232998512689;-1.3513591547877013;0.0;79.860260918730717;87.68666714759992;0.0020086966106789162;0.2260844798083346;67.312901142801621;519.13821516782764;0.0023272348826371596;41.08841337451139;0.0;0.13948738979422076;0.15489174933546815;0.023347805984659669;1.0695389432349658;59.939085896542721;200.83876208955661;0.0019250415252951472;27.990473078782685;0.0;0.10826566263887047;0.12088085415217197;0.018555340960138458;3.0153494290171325;60.34581647682959;175.64408018205214;0.0021419763613995087;-16.794157632114803;0.0;0.10110953448210998;0.11262747443976397;0.0021182908033849307;0.1272230857336481;69.055595612188554;112027507.95907979;0.0059420136622271198;-1.3193524148519487;0.0;3655.3153000163675;3972.1251463013;0.0021148462452069837;0.48551830957649655;68.466787062072228;578.14844697819785;0.0037430972210534715;-7.7751305871558429;0.0;0.12103003283103755;0.13312174570396781;0.00075283653770744422;0.53410232200711372;60.95745288836148;192.2176189764059;0.0010737627060695267;-11.757280453589658;0.0;0.11762904640183502;0.13234324534809569;0.0086485309859124105;0.53817804167856875;60.012314875678797;159.26077205377595;0.00054184329563691412;26.164511469981022;0.0;0.12714428799411664;0.14496033729089761
2300;58;0.0021183765315060952;0.030783826159507359;69.317965982952686;1088830.5365339522;0.0036219656540859417;-0.35405475179430823;0.0;80.050815686127862;87.907564405598563;0.00079030111482572833;0.22517262423949935;68.94250647528726;528.23095778553284;0.0020729589301622399;5.364734615672262;0.0;0.13843068429624247;0.15364284741952428;8.3449450897316914e-05;1.0713969136034598;65.896661436097318;219.47675352991754;0.0012210208071240253;-0.22250283522708969;0.0;0.10767480276778343;0.12017010390348862;6.73546393438556e-05;3.0715667168676224;65.952502084040134;190.98223915022015;0.0014025750073699157;-6.926938802116922;0.0;0.1007370535609146;0.11217904955370005;8.1240844732361712e-05;0.12715965527945303;69.559692885849927;112532219.3023752;0.0057433940384732391;-4.6453139951793787;0.0;3644.6255299047384;3959.8823924485623;0.0050970351600272265;0.48501397879849734;69.055998537405358;583.57435810854304;0.0035311891498504898;18.716309575685841;0.0;0.1211278415856953;0.13323601801392559;0.0016720080509875506;0.52846678242651135;65.62893723929723;211.28053610089202;0.00069737065562420033;-0.66457351988304936;0.0;0.12015919144562932;0.13542513146203258;0.00030336285168753463;0.53237143611312321;65.512184348183794;175.49866172068826;0.00035643296143104606;-6.7086694028589022;0.0;0.12836550597652316;0.14648264769628708
2300;59;0.0074872575984422235;0.030974160435266577;68.282958946651902;1062370.1092843909;0.0041671967001140932;25.258543226526342;0.0;79.149974908927447;86.863541835942854;0.002608987858022055;0.22768423369114116;64.078719050191637;503.5709394404538;0.0026081484483004881;29.958879728533816;0.0;0.14256073853568035;0.15852764553224993;0.0030806789931946549;1.0693764960091747;60.84245034650354;199.45227375522703;0.0020001061957986496;-11.727871432571391;0.0;0.10613120184826144;0.11831471719098523;0.0047510930070274139;3.0060520975658389;60.706726843089236;173.34270967873132;0.0022614450395905738;7.1672847566084386;0.0;0.099723949649094423;0.11096000689839457;0.0013741941094783936;0.12726554116461408;69.104471741143271;111692622.33997229;0.0060424053561041252;-7.1389215273001128;0.0;3641.0807016905073;3955.8230089457093;0.0021192785236279518;0.48623218297798088;67.102808315266444;570.49167558333443;0.0039331317886746493;-5.3863583712811192;0.0;0.12189284553398365;0.13412999038979284;0.015217895058850222;0.53443480542068711;59.704080101592645;191.0222521650459;0.0011571704022198918;42.385798374991879;0.0;0.11939878042330733;0.13449831890129174;0.0097667206798366345;0.53845945693078745;59.720386409503561;158.51174110442406;0.00057337252250445328;30.921846117581708;0.0;0.1271652416115979;0.14498644513874903
2300;60;0.0050096078344948509;0.030806448501772703;69.115904700690706;1085635.8962223807;0.0036648992507964519;19.871957203278612;0.0;80.049007708664362;87.905468400731792;0.0025313212038133104;0.22561856940249078;67.264137779968806;523.62368321036365;0.0020286860574293981;17.465432466038067;0.0;0.14100438801007192;0.15668576146105873;1.9547901534937186e-09;1.0713257159119924;65.750833993750774;218.74342096034005;0.0012707559420872582;-1.8841442243143547;0.0;0.10756402151440783;0.12003687766107522;0.0040204368009110897;3.0692735236093158;65.471535930365846;190.30938433936541;0.0014436641017571965;18.213585450467917;0.0;0.10101251147746906;0.11251065796867719;0.0021166354681664951;0.12711121733511557;69.417528084303001;112917235.71218073;0.0056516254775827871;-0.53185894556548874;0.0;3665.6691177896873;3983.9849887304745;0.0021083857074345193;0.48507367876386337;68.769030972150389;582.90017570380485;0.0034262759871590068;-2.4170496899074578;0.0;0.12150961844620946;0.13368211257871471;9.0414091540173095e-06;0.52871495699950699;65.571646538962099;210.41931435107554;0.0007271976611336621;1.3643287669282245;0.0;0.11976350579242175;0.13494279552171068;0.0009290650302193127;0.53245938352904632;65.37111236052138;175.23153597271462;0.00037231188245805678;-0.74253952518432698;0.0;0.12844806966737615;0.14658561834474415
2300;61;2.482570391139209e-05;0.030835743638035772;69.46265437680556;1081569.4335292338;0.0037349487022689575;-3.5746572213440686;0.0;79.223275137020536;86.948467750775947;0.026098516627296224;0.2276773477738149;64.607095309388185;503.71792103397416;0.0023525444108509022;99.784479274512705;0.0;0.14125742784814171;0.15698513327268199;0.005353645719383464;1.0712604406840882;65.217346248429507;218.02508764280586;0.0014085769839226672;29.855569080130806;0.0;0.10804043838273378;0.12060989463495736;0.001683674564087345;3.0681515330859339;65.555633353591446;190.0166624780507;0.0015804308277808687;0.59343714720085927;0.0;0.10080726370730896;0.11226356528883852;5.931858907436123e-10;0.12722219115079716;69.481418449178193;112036266.23445764;0.0059154633622065097;7.5214087639437821;0.0;3632.0031139048911;3945.4287246500662;0.0021668819759707494;0.48507770656861154;68.757137684382116;582.85571358014624;0.0034174403729812755;-5.0638973829677525;0.0;0.12152190780422224;0.1336964737836335;1.5851900465567101e-07;0.52886363630345712;65.47961021009246;209.89745371240113;0.00080554402164512097;2.2038110657149446;0.0;0.11963089272451964;0.13478117189700503;0.0014006553260370376;0.5325659223560697;65.265001888845248;174.91797997548156;0.00041240319015590159;3.397847117670949;0.0;0.12842633292950487;0.146558508396718
2300;62;2.1300298833966588e-06;0.030757077556481719;69.633963573025838;1092629.7358975108;0.003532852584108721;0.014824142509439753;0.0;79.949921207233572;87.790600576116944;7.1097800070864822e-06;0.22453644061969411;69.59267578686736;534.6122693556689;0.0016404120320782703;0.89396229771665503;0.0;0.138852197044327;0.154140950371463;4.4180696984021696e-06;1.072810709702287;69.599479647971052;234.63863826200233;0.00097817976881907787;-0.31678943426953765;0.0;0.10886975782520433;0.12160783474225483;1.0199069212342402e-05;3.116518826110052;69.595342760734425;203.85437537592614;0.0011212843695968943;0.045360873617994457;0.0;0.1015724869215102;0.11318498653949188;1.7625054714832398e-06;0.12708143307035752;69.633989165261852;113155918.67135158;0.0055795379776626772;0.012273011763852537;0.0;3661.7998131135673;3979.5526581617964;8.4396002872698837e-06;0.48460318506719502;69.633524211694308;588.04821243727781;0.0032184024170995103;0.058767795654546262;0.0;0.12104027825823678;0.13313371540952837;2.8117604036328716e-06;0.52446105387772213;69.602980020533607;226.16347015059318;0.00056964748697916864;-0.087417028400693653;0.0;0.1213100934479754;0.13682882776733571;1.0039190184094549e-08;0.52816380701928245;69.60787395617804;188.37913808049586;0.00029924844149330926;-0.0056853672489864948;0.0;0.12970141787847364;0.14814953769470565
